{
    "a1": [
        -46.76537322998047,
        -27.0,
        0.0
    ],
    "a2": [
        -46.76537322998047,
        -9.0,
        0.0
    ],
    "a3": [
        -46.76537322998047,
        9.0,
        0.0
    ],
    "a4": [
        -46.76537322998047,
        27.0,
        0.0
    ],
    "b1": [
        -31.17691421508789,
        -36.0,
        0.0
    ],
    "b2": [
        -31.17691421508789,
        -18.0,
        0.0
    ],
    "b3": [
        -31.17691421508789,
        0.0,
        0.0
    ],
    "b4": [
        -31.17691421508789,
        18.0,
        0.0
    ],
    "b5": [
        -31.17691421508789,
        36.0,
        0.0
    ],
    "c1": [
        -15.588457107543945,
        -45.0,
        0.0
    ],
    "c2": [
        -15.588457107543945,
        -27.0,
        0.0
    ],
    "c3": [
        -15.588457107543945,
        -9.0,
        0.0
    ],
    "c4": [
        -15.588457107543945,
        9.0,
        0.0
    ],
    "c5": [
        -15.588457107543945,
        27.0,
        0.0
    ],
    "c6": [
        -15.588457107543945,
        45.0,
        0.0
    ],
    "d1": [
        0.0,
        -54.0,
        0.0
    ],
    "d2": [
        0.0,
        -36.0,
        0.0
    ],
    "d3": [
        0.0,
        -18.0,
        0.0
    ],
    "d4": [
        0.0,
        0.0,
        0.0
    ],
    "d5": [
        0.0,
        18.0,
        0.0
    ],
    "d6": [
        0.0,
        36.0,
        0.0
    ],
    "d7": [
        0.0,
        54.0,
        0.0
    ],
    "e1": [
        15.588457107543945,
        -45.0,
        0.0
    ],
    "e2": [
        15.588457107543945,
        -27.0,
        0.0
    ],
    "e3": [
        15.588457107543945,
        -9.0,
        0.0
    ],
    "e4": [
        15.588457107543945,
        9.0,
        0.0
    ],
    "e5": [
        15.588457107543945,
        27.0,
        0.0
    ],
    "e6": [
        15.588457107543945,
        45.0,
        0.0
    ],
    "f1": [
        31.17691421508789,
        -36.0,
        0.0
    ],
    "f2": [
        31.17691421508789,
        -18.0,
        0.0
    ],
    "f3": [
        31.17691421508789,
        0.0,
        0.0
    ],
    "f4": [
        31.17691421508789,
        18.0,
        0.0
    ],
    "f5": [
        31.17691421508789,
        36.0,
        0.0
    ],
    "g1": [
        46.76537322998047,
        -27.0,
        0.0
    ],
    "g2": [
        46.76537322998047,
        -9.0,
        0.0
    ],
    "g3": [
        46.76537322998047,
        9.0,
        0.0
    ],
    "g4": [
        46.76537322998047,
        27.0,
        0.0
    ]
}